id,first_name,last_name,email,country,ip_address
1,Tammy,Patterson,tpatterson0@wired.com,Indonesia,8.89.193.113
2,Edward,Hayes,ehayes1@yellowpages.com,Philippines,116.206.180.63
3,Patricia,Snyder,psnyder2@vkontakte.ru,Indonesia,213.155.16.109
4,Kathleen,Berry,kberry3@mediafire.com,Indonesia,238.184.150.238
5,Nancy,Stanley,nstanley4@privacy.gov.au,Poland,83.93.171.129
6,Andrea,Rice,arice5@who.int,Brazil,94.159.155.84
7,Roy,Marshall,rmarshall6@xinhuanet.com,Bahrain,191.237.218.197
8,Theresa,Sanders,tsanders7@cisco.com,France,106.210.158.80
9,Doris,Sims,dsims8@1688.com,Malaysia,131.222.132.41
10,Margaret,Berry,mberry9@purevolume.com,Philippines,199.191.44.143
11,Kimberly,Gomez,kgomeza@wikimedia.org,Indonesia,62.193.35.47
12,Michael,Jenkins,mjenkinsb@furl.net,Philippines,248.50.128.109
13,Jessica,Dean,jdeanc@oaic.gov.au,Mexico,238.100.18.148
14,Cheryl,Ramirez,cramirezd@ca.gov,Peru,211.85.44.44
15,Kimberly,Sanchez,ksancheze@miitbeian.gov.cn,Honduras,237.220.50.91
16,Beverly,Fox,bfoxf@nationalgeographic.com,France,227.157.7.77
17,Lisa,Martinez,lmartinezg@smugmug.com,Portugal,175.88.69.8
18,James,Butler,jbutlerh@nyu.edu,South Africa,98.14.190.152
19,Phyllis,Garrett,pgarretti@ow.ly,United States,170.130.190.62
20,Christina,Ortiz,cortizj@histats.com,Indonesia,188.255.112.31
21,Angela,Wood,awoodk@prweb.com,Poland,161.98.124.139
22,Willie,Brown,wbrownl@dion.ne.jp,Greece,210.222.147.52
23,Judy,Stevens,jstevensm@slashdot.org,Indonesia,234.248.37.223
24,Russell,Peters,rpetersn@examiner.com,Palestinian Territory,14.120.61.164
25,Cynthia,Nichols,cnicholso@yandex.ru,Indonesia,252.169.142.53
26,Daniel,Ferguson,dfergusonp@freewebs.com,Ukraine,11.187.200.221
27,Amanda,Gardner,agardnerq@ca.gov,Indonesia,204.11.178.98
28,Terry,Gutierrez,tgutierrezr@mayoclinic.com,Cyprus,92.77.158.184
29,Ralph,Cunningham,rcunninghams@cargocollective.com,Brazil,0.228.235.225
30,Stephen,Bennett,sbennettt@hubpages.com,Russia,87.89.123.69
31,Paula,Butler,pbutleru@nytimes.com,China,173.192.134.27
32,Phyllis,Owens,powensv@blogger.com,Colombia,115.34.76.49
33,Alice,Washington,awashingtonw@msn.com,Kazakhstan,83.216.79.170
34,Maria,Clark,mclarkx@surveymonkey.com,Sweden,54.153.48.46
35,Christine,Hunt,chunty@people.com.cn,Japan,118.35.232.93
36,Sean,Robinson,srobinsonz@cbsnews.com,China,142.98.252.45
37,Stephen,Bell,sbell10@blogs.com,Slovenia,220.145.89.239
38,Nancy,Stephens,nstephens11@macromedia.com,Russia,232.79.216.62
39,Jessica,Cook,jcook12@quantcast.com,Indonesia,177.157.35.27
40,Phyllis,Alvarez,palvarez13@msu.edu,China,155.26.71.149
41,Paula,Reynolds,preynolds14@unicef.org,Honduras,173.118.111.142
42,Andrea,Ellis,aellis15@mapy.cz,Russia,144.88.32.129
43,Edward,Moreno,emoreno16@ftc.gov,Japan,237.142.188.198
44,Walter,Kim,wkim17@berkeley.edu,Aland Islands,211.83.8.68
45,Joseph,Washington,jwashington18@dedecms.com,Russia,114.186.90.72
46,Louis,Clark,lclark19@nature.com,China,103.211.159.110
47,Richard,Stewart,rstewart1a@ucoz.ru,Cuba,206.194.197.159
48,Sara,Hawkins,shawkins1b@pbs.org,Estonia,153.110.83.20
49,Bruce,Elliott,belliott1c@lycos.com,Serbia,42.123.200.193
50,Christine,Smith,csmith1d@cpanel.net,Philippines,55.18.195.73
51,Christina,Chapman,cchapman1e@histats.com,Bolivia,123.31.73.58
52,Jason,Perez,jperez1f@google.nl,Mexico,29.98.213.150
53,Debra,Bishop,dbishop1g@wikipedia.org,Poland,15.76.14.20
54,Debra,Carroll,dcarroll1h@xrea.com,Sweden,222.37.22.121
55,Kathryn,Lopez,klopez1i@netlog.com,China,68.253.37.132
56,Catherine,Brown,cbrown1j@cbsnews.com,Poland,90.249.211.131
57,Roger,Chapman,rchapman1k@facebook.com,Russia,52.217.183.126
58,Robin,Lopez,rlopez1l@privacy.gov.au,Mongolia,91.152.239.214
59,Amanda,Smith,asmith1m@over-blog.com,Finland,76.250.75.114
60,Paula,Watson,pwatson1n@devhub.com,Dominican Republic,18.212.147.255
61,Anthony,Ryan,aryan1o@vkontakte.ru,Brazil,201.83.206.250
62,Lisa,Collins,lcollins1p@state.gov,France,5.40.141.128
63,Laura,Alvarez,lalvarez1q@t-online.de,Philippines,73.86.223.125
64,Carolyn,Chapman,cchapman1r@51.la,Peru,116.234.250.243
65,Sean,Jacobs,sjacobs1s@cocolog-nifty.com,Indonesia,57.219.142.96
66,Lillian,Mcdonald,lmcdonald1t@rakuten.co.jp,Russia,220.175.207.99
67,Pamela,Sanchez,psanchez1u@pbs.org,Vietnam,239.246.136.197
68,Jeffrey,Perkins,jperkins1v@vistaprint.com,Indonesia,70.123.162.104
69,Christopher,Austin,caustin1w@cisco.com,Afghanistan,157.90.247.124
70,Bonnie,Chapman,bchapman1x@msn.com,China,192.39.23.248
71,Charles,Anderson,canderson1y@si.edu,Indonesia,24.115.117.130
72,Janice,Howell,jhowell1z@cnet.com,Brazil,205.33.231.33
73,Clarence,Fernandez,cfernandez20@time.com,Sweden,228.190.165.118
74,Denise,Boyd,dboyd21@simplemachines.org,China,181.65.46.160
75,Benjamin,Chapman,bchapman22@jugem.jp,Latvia,155.146.226.86
76,Gary,Wallace,gwallace23@uiuc.edu,Kazakhstan,114.120.217.93
77,Steve,Watkins,swatkins24@google.co.uk,France,193.232.95.71
78,Laura,Fernandez,lfernandez25@upenn.edu,Canada,4.161.201.197
79,Brian,Watson,bwatson26@ebay.com,Guatemala,76.37.219.32
80,Patrick,Ferguson,pferguson27@time.com,Russia,108.19.96.192
81,Tammy,Riley,triley28@eventbrite.com,Philippines,74.123.47.210
82,Alan,Lawrence,alawrence29@a8.net,United States,196.70.243.209
83,Louise,Thomas,lthomas2a@discovery.com,Argentina,1.177.193.128
84,Jonathan,Rose,jrose2b@booking.com,Iraq,149.136.162.211
85,Joyce,Scott,jscott2c@spiegel.de,Thailand,240.238.195.99
86,Irene,Gibson,igibson2d@baidu.com,Indonesia,30.60.194.43
87,Jean,Burke,jburke2e@yahoo.com,China,163.105.126.73
88,Martin,Campbell,mcampbell2f@bizjournals.com,Russia,3.180.230.113
89,Paul,Mitchell,pmitchell2g@oakley.com,China,62.216.40.23
90,George,Holmes,gholmes2h@hugedomains.com,Czech Republic,248.110.86.62
91,Theresa,Garrett,tgarrett2i@chron.com,Cambodia,53.247.170.255
92,Laura,Gray,lgray2j@eepurl.com,Egypt,97.170.89.70
93,Jason,Coleman,jcoleman2k@etsy.com,China,110.4.144.127
94,Ruth,Hernandez,rhernandez2l@soundcloud.com,Norway,239.166.43.126
95,Roger,Perkins,rperkins2m@ustream.tv,China,174.210.139.165
96,Daniel,Kim,dkim2n@jalbum.net,Samoa,253.195.185.2
97,Margaret,Taylor,mtaylor2o@china.com.cn,China,19.109.186.192
98,Gloria,Roberts,groberts2p@bloglovin.com,Russia,188.213.253.169
99,Rachel,Knight,rknight2q@devhub.com,Brazil,22.48.151.166
100,Alan,Fox,afox2r@imgur.com,Greece,205.206.129.194
101,Ernest,Shaw,eshaw2s@unblog.fr,Russia,246.109.29.223
102,Roger,Payne,rpayne2t@umn.edu,Finland,65.216.121.12
103,Lori,Hart,lhart2u@imdb.com,Indonesia,157.157.52.156
104,Cynthia,Frazier,cfrazier2v@about.com,Portugal,140.89.54.23
105,Angela,Adams,aadams2w@google.es,Poland,163.132.101.17
106,Michelle,Hill,mhill2x@europa.eu,Estonia,56.23.88.23
107,Aaron,Holmes,aholmes2y@youtu.be,China,116.180.59.172
108,Kathryn,Diaz,kdiaz2z@addtoany.com,Portugal,183.210.220.34
109,Virginia,Marshall,vmarshall30@nifty.com,Bangladesh,17.160.105.214
110,Annie,Alexander,aalexander31@usda.gov,Afghanistan,134.154.245.210
111,Richard,Carter,rcarter32@ca.gov,Syria,49.62.168.144
112,Philip,Gilbert,pgilbert33@comsenz.com,Norway,60.167.119.0
113,Michael,Mitchell,mmitchell34@state.gov,Niger,255.53.215.134
114,Catherine,Alexander,calexander35@smugmug.com,Indonesia,196.113.219.7
115,Robert,Morgan,rmorgan36@e-recht24.de,Poland,165.193.107.49
116,Christine,Jones,cjones37@businessweek.com,Malawi,152.159.43.171
117,Christine,Martin,cmartin38@nasa.gov,Russia,82.9.99.51
118,Kenneth,Phillips,kphillips39@hostgator.com,France,252.71.121.117
119,Gary,Diaz,gdiaz3a@aboutads.info,China,132.75.179.81
120,Joyce,Martinez,jmartinez3b@shareasale.com,Peru,102.15.124.131
121,Maria,Roberts,mroberts3c@narod.ru,Brazil,108.46.165.225
122,Laura,Hughes,lhughes3d@t.co,Syria,222.103.4.64
123,Phyllis,Bradley,pbradley3e@gizmodo.com,Russia,226.26.172.217
124,Jose,Fox,jfox3f@zimbio.com,China,146.146.101.101
125,Margaret,Taylor,mtaylor3g@scribd.com,Nigeria,99.219.8.172
126,Jerry,Lawrence,jlawrence3h@flickr.com,Portugal,245.203.245.196
127,Bobby,Howard,bhoward3i@google.fr,China,180.18.205.36
128,Janice,Palmer,jpalmer3j@facebook.com,Belgium,52.64.80.36
129,Dennis,Mccoy,dmccoy3k@wp.com,China,206.184.133.69
130,Stephen,Roberts,sroberts3l@sakura.ne.jp,China,144.69.183.147
131,Craig,Cook,ccook3m@examiner.com,New Caledonia,158.213.171.70
132,Kathy,Hicks,khicks3n@stumbleupon.com,France,70.206.202.87
133,Rose,Andrews,randrews3o@acquirethisname.com,Indonesia,211.101.229.221
134,Margaret,Baker,mbaker3p@sina.com.cn,Armenia,139.41.162.222
135,Michelle,Baker,mbaker3q@boston.com,Lebanon,162.186.72.129
136,Paula,Adams,padams3r@google.ca,Brazil,128.211.183.19
137,Donna,Romero,dromero3s@nifty.com,Brazil,244.122.110.100
138,Irene,Burton,iburton3t@github.com,China,254.103.245.193
139,Shirley,Olson,solson3u@gmpg.org,Colombia,105.22.13.199
140,Lisa,Lopez,llopez3v@webnode.com,Russia,41.208.208.49
141,Amanda,Mendoza,amendoza3w@japanpost.jp,Russia,84.187.220.249
142,Todd,Mills,tmills3x@is.gd,Ukraine,69.156.68.121
143,Amy,Henderson,ahenderson3y@typepad.com,China,69.223.202.85
144,Linda,Lawson,llawson3z@boston.com,China,239.175.135.17
145,Arthur,Hunter,ahunter40@chicagotribune.com,China,75.174.35.236
146,Billy,Hanson,bhanson41@shutterfly.com,Ivory Coast,154.139.132.166
147,Ann,Rice,arice42@usatoday.com,Israel,103.158.77.173
148,Harry,Bishop,hbishop43@people.com.cn,France,44.122.229.228
149,Nicholas,Robinson,nrobinson44@t.co,Brazil,251.226.234.133
150,Kelly,Jackson,kjackson45@lycos.com,Cyprus,170.133.230.137
151,Harry,Lawson,hlawson46@deliciousdays.com,Ireland,246.21.205.50
152,Arthur,Green,agreen47@oakley.com,Kazakhstan,156.220.90.99
153,Laura,Johnson,ljohnson48@businesswire.com,Curacao,98.229.79.83
154,Andrea,Stevens,astevens49@google.es,Indonesia,116.45.239.211
155,Albert,Bishop,abishop4a@wisc.edu,China,240.181.27.17
156,Bobby,Johnston,bjohnston4b@msu.edu,Philippines,86.132.135.73
157,Nicholas,Cruz,ncruz4c@bloomberg.com,Bulgaria,214.194.65.222
158,Richard,Welch,rwelch4d@nytimes.com,Sweden,172.86.193.203
159,Richard,Webb,rwebb4e@homestead.com,China,200.39.117.207
160,Betty,Daniels,bdaniels4f@narod.ru,China,250.186.170.70
161,Alan,Hunt,ahunt4g@friendfeed.com,Poland,1.202.100.65
162,Andrew,Woods,awoods4h@usa.gov,Kazakhstan,249.126.216.29
163,Steven,Mccoy,smccoy4i@dion.ne.jp,Bangladesh,34.106.39.253
164,Roy,Scott,rscott4j@ask.com,Cyprus,225.7.53.54
165,Nicole,Owens,nowens4k@hhs.gov,Philippines,234.6.94.236
166,Jane,Fowler,jfowler4l@hatena.ne.jp,China,108.212.141.240
167,Annie,Wagner,awagner4m@wisc.edu,China,160.210.128.213
168,Ralph,Snyder,rsnyder4n@blinklist.com,Sweden,70.199.221.185
169,Jeffrey,Mason,jmason4o@goodreads.com,Philippines,192.191.5.70
170,Terry,Sanchez,tsanchez4p@myspace.com,Australia,240.28.107.93
171,Carlos,Rice,crice4q@kickstarter.com,Argentina,163.40.207.187
172,Mark,Howell,mhowell4r@wufoo.com,Brazil,127.29.61.168
173,Doris,Andrews,dandrews4s@forbes.com,Guyana,242.177.76.29
174,Jack,Patterson,jpatterson4t@tinyurl.com,Indonesia,167.187.17.195
175,Sarah,Lee,slee4u@geocities.jp,Portugal,201.31.224.54
176,Jonathan,Williamson,jwilliamson4v@weather.com,China,245.85.105.18
177,Thomas,Parker,tparker4w@ycombinator.com,China,70.3.252.106
178,Henry,Alexander,halexander4x@independent.co.uk,United Kingdom,136.177.203.3
179,Louis,Willis,lwillis4y@slate.com,China,26.222.217.89
180,Marilyn,Ramirez,mramirez4z@w3.org,China,132.114.178.32
181,Janice,Fisher,jfisher50@twitpic.com,China,94.179.150.59
182,Scott,Fuller,sfuller51@mtv.com,Indonesia,143.80.46.71
183,Jean,Foster,jfoster52@shinystat.com,Indonesia,134.55.90.249
184,Deborah,Berry,dberry53@youku.com,Nigeria,9.51.135.201
185,Kathleen,Jordan,kjordan54@wordpress.org,Albania,141.91.85.24
186,Michael,Day,mday55@army.mil,Portugal,197.223.147.53
187,Ann,Wheeler,awheeler56@imgur.com,Sierra Leone,23.253.199.148
188,Cynthia,Fox,cfox57@yandex.ru,Portugal,207.209.172.141
189,George,Martin,gmartin58@state.gov,China,87.172.61.136
190,Sean,Myers,smyers59@forbes.com,Botswana,230.100.153.212
191,Sandra,Franklin,sfranklin5a@sbwire.com,Sweden,115.131.213.202
192,Janice,Cunningham,jcunningham5b@goodreads.com,China,81.94.141.43
193,Marilyn,Reid,mreid5c@a8.net,China,123.222.212.8
194,Carol,Ellis,cellis5d@feedburner.com,Indonesia,248.8.87.229
195,Adam,Edwards,aedwards5e@intel.com,China,203.205.0.252
196,Louise,Nguyen,lnguyen5f@mapy.cz,China,242.134.8.32
197,Robin,Fowler,rfowler5g@blogs.com,Turkey,180.165.194.236
198,Nicholas,Ellis,nellis5h@hatena.ne.jp,China,22.197.203.226
199,Ann,Parker,aparker5i@accuweather.com,Peru,210.84.103.235
200,Carol,Gibson,cgibson5j@xrea.com,China,120.232.200.249
201,Annie,Harvey,aharvey5k@whitehouse.gov,Portugal,128.195.110.182
202,Beverly,Riley,briley5l@alexa.com,Philippines,65.121.245.72
203,Brenda,Hicks,bhicks5m@weebly.com,China,69.238.152.248
204,Karen,Daniels,kdaniels5n@marketwatch.com,China,81.244.210.142
205,Gloria,Lawrence,glawrence5o@comcast.net,Turkmenistan,145.66.108.236
206,Mary,Stephens,mstephens5p@cam.ac.uk,Indonesia,81.74.144.238
207,Joyce,Bennett,jbennett5q@sciencedaily.com,Indonesia,107.32.147.60
208,Peter,Stanley,pstanley5r@miibeian.gov.cn,Indonesia,178.21.204.209
209,Victor,Diaz,vdiaz5s@joomla.org,Russia,8.94.200.187
210,Emily,King,eking5t@icio.us,Sweden,82.102.144.169
211,Jeremy,Stevens,jstevens5u@spiegel.de,Poland,31.166.11.222
212,Russell,Alexander,ralexander5v@dedecms.com,Botswana,217.240.125.101
213,Brenda,Rogers,brogers5w@cafepress.com,United States,31.224.24.83
214,Jimmy,Lane,jlane5x@craigslist.org,China,38.69.196.97
215,Wayne,Duncan,wduncan5y@nymag.com,China,127.85.145.73
216,Randy,Wheeler,rwheeler5z@ning.com,Nicaragua,157.163.21.201
217,Kimberly,Brooks,kbrooks60@desdev.cn,China,134.170.100.230
218,Ruth,Rice,rrice61@a8.net,China,220.173.172.108
219,Cheryl,Hawkins,chawkins62@newsvine.com,Uruguay,114.60.137.51
220,Paula,Gomez,pgomez63@merriam-webster.com,Sweden,62.9.211.145
221,Ruby,Larson,rlarson64@4shared.com,Lithuania,31.141.32.163
222,Brian,Stone,bstone65@umn.edu,United States,121.87.159.0
223,Michael,Porter,mporter66@freewebs.com,China,94.237.252.170
224,Ernest,Fields,efields67@microsoft.com,Czech Republic,166.82.61.204
225,Shirley,Henderson,shenderson68@flavors.me,Bosnia and Herzegovina,155.254.136.195
226,Juan,Duncan,jduncan69@microsoft.com,Iraq,61.227.45.186
227,Michelle,Mccoy,mmccoy6a@deliciousdays.com,China,106.19.202.202
228,Gregory,Sanchez,gsanchez6b@taobao.com,China,10.53.101.40
229,Jose,Campbell,jcampbell6c@census.gov,United States,153.185.220.167
230,Adam,Schmidt,aschmidt6d@multiply.com,Russia,8.138.73.106
231,Irene,Freeman,ifreeman6e@ning.com,Czech Republic,140.191.33.96
232,Annie,Lewis,alewis6f@google.de,Morocco,195.126.5.70
233,Jack,Richardson,jrichardson6g@google.co.jp,Greece,102.78.104.9
234,Jeremy,Freeman,jfreeman6h@unicef.org,Indonesia,103.26.207.253
235,Kevin,Jenkins,kjenkins6i@patch.com,Armenia,210.156.190.64
236,Steve,Andrews,sandrews6j@geocities.com,Hungary,206.220.224.152
237,Jason,Bell,jbell6k@latimes.com,Nigeria,231.222.80.143
238,Helen,Garcia,hgarcia6l@chicagotribune.com,Argentina,4.157.169.216
239,Margaret,Scott,mscott6m@harvard.edu,Serbia,187.126.5.238
240,Rebecca,Thomas,rthomas6n@discuz.net,Brazil,71.225.164.9
241,Fred,Henderson,fhenderson6o@cnbc.com,Colombia,42.56.249.189
242,Phillip,Cunningham,pcunningham6p@europa.eu,Poland,119.237.88.230
243,Phyllis,Greene,pgreene6q@drupal.org,Indonesia,102.45.58.226
244,Katherine,Hansen,khansen6r@admin.ch,Chad,139.212.178.179
245,Carlos,Butler,cbutler6s@nbcnews.com,China,102.92.28.65
246,Kevin,Johnston,kjohnston6t@cyberchimps.com,China,213.255.35.191
247,Douglas,Carr,dcarr6u@furl.net,Brazil,104.245.244.192
248,Jonathan,Carpenter,jcarpenter6v@about.me,Uganda,126.55.78.101
249,Jennifer,Hall,jhall6w@washington.edu,China,249.158.228.98
250,Katherine,Martin,kmartin6x@stumbleupon.com,Peru,151.185.108.76
251,Debra,Jenkins,djenkins6y@tamu.edu,Argentina,253.233.194.44
252,Melissa,Webb,mwebb6z@cloudflare.com,Indonesia,66.12.108.165
253,Steven,Hunter,shunter70@icio.us,Czech Republic,88.217.22.185
254,Jean,Fuller,jfuller71@bravesites.com,France,21.35.209.137
255,Billy,Wright,bwright72@washingtonpost.com,Poland,207.237.70.111
256,Stephen,Morales,smorales73@house.gov,Poland,193.60.80.128
257,Chris,Hayes,chayes74@g.co,Palestinian Territory,147.195.63.86
258,Nancy,Morris,nmorris75@phoca.cz,Ireland,143.53.98.133
259,Patricia,Thompson,pthompson76@clickbank.net,Indonesia,248.179.56.25
260,Gregory,Fisher,gfisher77@webnode.com,Russia,149.113.42.64
261,Denise,Boyd,dboyd78@google.de,Portugal,188.65.121.106
262,Billy,Fernandez,bfernandez79@forbes.com,Japan,246.9.81.116
263,Carl,Porter,cporter7a@printfriendly.com,China,235.61.237.90
264,Carl,Reed,creed7b@reddit.com,Brazil,37.185.102.133
265,Bobby,Kelly,bkelly7c@ifeng.com,United States,124.22.109.110
266,Sean,Wagner,swagner7d@un.org,Philippines,97.145.107.225
267,Alan,Watson,awatson7e@ted.com,China,137.90.153.225
268,Betty,Dean,bdean7f@youku.com,China,181.113.20.214
269,Doris,Baker,dbaker7g@wisc.edu,Kosovo,239.67.241.110
270,Marie,Mccoy,mmccoy7h@i2i.jp,Uzbekistan,10.29.63.66
271,Michelle,Shaw,mshaw7i@dailymail.co.uk,Indonesia,173.41.57.61
272,Beverly,Bailey,bbailey7j@jugem.jp,China,61.162.248.39
273,Craig,Gonzales,cgonzales7k@cloudflare.com,Bangladesh,97.159.88.112
274,Gloria,Franklin,gfranklin7l@irs.gov,China,87.47.157.61
275,Louis,Bowman,lbowman7m@yelp.com,Portugal,37.227.24.10
276,Willie,Ferguson,wferguson7n@usda.gov,Indonesia,228.138.238.62
277,Phyllis,Morris,pmorris7o@ucoz.ru,Malaysia,141.146.191.22
278,Cheryl,Jacobs,cjacobs7p@aol.com,Japan,222.71.254.40
279,Debra,Welch,dwelch7q@deliciousdays.com,Indonesia,162.44.27.107
280,Andrew,Dunn,adunn7r@wp.com,France,114.182.97.170
281,Craig,Coleman,ccoleman7s@cocolog-nifty.com,China,87.157.166.74
282,Jeremy,Jones,jjones7t@eepurl.com,Sweden,197.250.69.173
283,Irene,Moreno,imoreno7u@goo.gl,Argentina,15.212.220.17
284,Antonio,Payne,apayne7v@unblog.fr,Vietnam,118.87.58.61
285,Martin,Day,mday7w@engadget.com,Croatia,11.180.80.72
286,Sandra,Hanson,shanson7x@europa.eu,Ukraine,108.138.145.16
287,Sharon,Lawrence,slawrence7y@ibm.com,Iceland,61.134.154.233
288,Alice,Johnston,ajohnston7z@dropbox.com,France,99.46.122.117
289,Patricia,Dean,pdean80@fda.gov,Poland,0.253.168.234
290,Chris,Alvarez,calvarez81@howstuffworks.com,Taiwan,21.94.204.130
291,Judith,Hawkins,jhawkins82@princeton.edu,China,199.206.131.151
292,Lawrence,Simpson,lsimpson83@berkeley.edu,China,43.241.68.215
293,Emily,Coleman,ecoleman84@bloomberg.com,Portugal,118.99.195.134
294,Michelle,Torres,mtorres85@loc.gov,Colombia,216.175.144.61
295,Catherine,Wood,cwood86@sfgate.com,Japan,177.153.50.57
296,Paul,Lee,plee87@msn.com,Oman,103.253.16.65
297,Phillip,Castillo,pcastillo88@studiopress.com,Cambodia,11.66.100.119
298,Howard,Gonzalez,hgonzalez89@issuu.com,Armenia,172.142.152.34
299,Ashley,Elliott,aelliott8a@altervista.org,China,228.12.176.238
300,Douglas,Duncan,dduncan8b@bbc.co.uk,China,184.155.66.99
301,Eric,Stephens,estephens8c@chicagotribune.com,Netherlands,203.13.249.131
302,Jeffrey,Ramos,jramos8d@dion.ne.jp,Sweden,72.155.174.20
303,Peter,Harper,pharper8e@noaa.gov,Colombia,44.128.116.39
304,Janice,Fisher,jfisher8f@artisteer.com,Japan,217.106.50.179
305,Kathleen,Hughes,khughes8g@ca.gov,Palestinian Territory,125.226.93.106
306,Pamela,Mccoy,pmccoy8h@ameblo.jp,China,33.38.163.204
307,Deborah,Alvarez,dalvarez8i@harvard.edu,Russia,65.247.111.240
308,Aaron,Bennett,abennett8j@java.com,China,154.2.187.144
309,Gregory,Black,gblack8k@moonfruit.com,Brazil,183.183.131.187
310,Nicole,Coleman,ncoleman8l@123-reg.co.uk,Mongolia,19.113.53.44
311,Gerald,Robertson,grobertson8m@pagesperso-orange.fr,Thailand,223.158.229.9
312,Lisa,Crawford,lcrawford8n@comcast.net,China,173.110.224.76
313,Benjamin,Fields,bfields8o@cloudflare.com,Mexico,99.195.216.163
314,Linda,Carpenter,lcarpenter8p@toplist.cz,Indonesia,226.29.147.201
315,Sandra,Willis,swillis8q@topsy.com,Philippines,22.105.37.48
316,Beverly,Gordon,bgordon8r@cargocollective.com,China,101.195.164.111
317,Theresa,Ward,tward8s@reuters.com,Philippines,200.61.148.248
318,Frances,Rogers,frogers8t@pen.io,China,207.60.3.209
319,Jeffrey,Perry,jperry8u@utexas.edu,Japan,125.237.207.157
320,David,Hughes,dhughes8v@reuters.com,Dominican Republic,2.34.148.253
321,Harry,Gardner,hgardner8w@prweb.com,Belarus,97.118.20.70
322,Michael,Kim,mkim8x@oakley.com,Latvia,116.28.5.65
323,Raymond,Oliver,roliver8y@ox.ac.uk,Bulgaria,57.228.233.152
324,Helen,Pierce,hpierce8z@wix.com,Indonesia,145.65.82.204
325,Elizabeth,Ward,eward90@arstechnica.com,Poland,145.110.214.241
326,Keith,Powell,kpowell91@flickr.com,Palestinian Territory,110.224.236.113
327,Daniel,Gonzales,dgonzales92@amazon.de,Indonesia,95.6.92.0
328,Jean,Ford,jford93@ow.ly,Indonesia,8.72.1.48
329,Karen,Riley,kriley94@house.gov,Czech Republic,78.214.151.163
330,Katherine,Palmer,kpalmer95@ucsd.edu,Portugal,70.81.4.239
331,Samuel,Dixon,sdixon96@microsoft.com,Honduras,85.90.90.124
332,Virginia,Hayes,vhayes97@wikipedia.org,France,84.82.180.32
333,Shirley,Collins,scollins98@is.gd,Philippines,101.101.202.222
334,Teresa,Howell,thowell99@github.io,China,183.211.99.104
335,Jennifer,Ferguson,jferguson9a@amazon.co.jp,Ethiopia,115.5.25.202
336,Kimberly,Rice,krice9b@wired.com,Russia,234.27.196.90
337,Jerry,Rivera,jrivera9c@google.cn,Laos,73.153.41.41
338,Kevin,Burton,kburton9d@artisteer.com,Argentina,136.0.35.0
339,Christina,Little,clittle9e@blog.com,China,55.212.12.66
340,Harold,Martin,hmartin9f@omniture.com,China,133.213.246.228
341,Shawn,Morris,smorris9g@phpbb.com,Uganda,162.239.178.185
342,Alice,Banks,abanks9h@edublogs.org,China,252.196.108.123
343,Eric,Roberts,eroberts9i@biblegateway.com,France,226.221.134.17
344,Adam,Reynolds,areynolds9j@craigslist.org,France,109.110.134.31
345,Wanda,Duncan,wduncan9k@washingtonpost.com,Iran,42.131.184.128
346,Todd,Gordon,tgordon9l@washington.edu,Thailand,129.28.188.192
347,Carlos,Roberts,croberts9m@behance.net,Indonesia,50.190.195.215
348,Susan,Cruz,scruz9n@bloglovin.com,Russia,86.127.133.82
349,Katherine,Price,kprice9o@pbs.org,Poland,162.5.66.43
350,Theresa,Pierce,tpierce9p@taobao.com,Brazil,63.199.183.25
351,Donna,Arnold,darnold9q@nbcnews.com,Czech Republic,177.221.124.15
352,Beverly,Tucker,btucker9r@pcworld.com,China,18.14.67.250
353,Antonio,Richardson,arichardson9s@weebly.com,Gambia,164.155.237.15
354,Todd,George,tgeorge9t@yandex.ru,China,5.43.172.17
355,Lillian,Robinson,lrobinson9u@whitehouse.gov,Honduras,55.193.118.1
356,Jack,Washington,jwashington9v@tuttocitta.it,Philippines,151.224.5.202
357,Cheryl,Hanson,chanson9w@boston.com,Niger,179.20.113.93
358,David,Jackson,djackson9x@whitehouse.gov,Indonesia,242.71.161.88
359,Shawn,Montgomery,smontgomery9y@drupal.org,China,177.94.134.67
360,Tammy,Rice,trice9z@bloomberg.com,Bulgaria,78.217.42.200
361,Judith,Murphy,jmurphya0@yellowpages.com,Portugal,234.0.52.72
362,Willie,Harris,wharrisa1@zdnet.com,China,201.127.27.121
363,Wanda,Morrison,wmorrisona2@nyu.edu,Ukraine,28.107.36.169
364,Lawrence,Medina,lmedinaa3@barnesandnoble.com,France,219.209.72.166
365,Edward,Grant,egranta4@google.co.uk,Indonesia,58.196.64.211
366,Philip,Cooper,pcoopera5@indiegogo.com,Brazil,90.234.209.92
367,Willie,Fields,wfieldsa6@nbcnews.com,Poland,142.151.164.184
368,Robin,Andrews,randrewsa7@hubpages.com,China,11.183.117.74
369,Terry,Morris,tmorrisa8@arstechnica.com,Indonesia,241.226.89.248
370,Brian,Griffin,bgriffina9@whitehouse.gov,Syria,95.247.50.250
371,Irene,Flores,ifloresaa@icq.com,South Africa,239.101.85.240
372,Victor,Griffin,vgriffinab@sakura.ne.jp,Indonesia,188.89.81.214
373,Ruby,Wheeler,rwheelerac@mlb.com,Belarus,234.207.4.5
374,Sarah,Perez,sperezad@icq.com,China,185.207.123.239
375,Ralph,Ortiz,rortizae@cargocollective.com,China,1.40.240.233
376,Irene,Lawrence,ilawrenceaf@aboutads.info,Guatemala,125.247.198.250
377,Kelly,Harvey,kharveyag@cdc.gov,China,5.129.46.230
378,Helen,Morgan,hmorganah@fastcompany.com,China,2.55.198.121
379,Lisa,Stevens,lstevensai@vimeo.com,Ukraine,181.157.72.89
380,Elizabeth,Kelley,ekelleyaj@businesswire.com,Brazil,37.190.241.159
381,Evelyn,Little,elittleak@constantcontact.com,China,31.78.153.247
382,Thomas,Hughes,thughesal@elegantthemes.com,Philippines,244.72.208.125
383,Frances,Reed,freedam@nifty.com,Switzerland,32.48.245.69
384,Douglas,Evans,devansan@so-net.ne.jp,Canada,129.224.25.48
385,Dennis,Holmes,dholmesao@house.gov,Indonesia,213.120.246.3
386,Dennis,Ramirez,dramirezap@1688.com,Indonesia,90.101.161.241
387,John,Hansen,jhansenaq@mozilla.org,Myanmar,118.121.241.233
388,Julia,Woods,jwoodsar@cbsnews.com,France,31.77.164.99
389,Ernest,Ryan,eryanas@desdev.cn,China,36.144.174.184
390,Catherine,Harper,charperat@instagram.com,China,110.8.213.252
391,Joyce,Snyder,jsnyderau@google.pl,China,21.179.29.14
392,John,Young,jyoungav@ifeng.com,Madagascar,232.206.213.28
393,Susan,Ellis,sellisaw@51.la,Indonesia,129.57.236.199
394,Anne,Burke,aburkeax@redcross.org,Norway,81.233.20.75
395,Sandra,Russell,srussellay@simplemachines.org,Russia,211.120.0.42
396,Diana,Burns,dburnsaz@home.pl,Indonesia,143.117.13.74
397,Wayne,Little,wlittleb0@goo.gl,Estonia,134.215.183.48
398,Willie,Bradley,wbradleyb1@naver.com,Russia,70.190.136.98
399,Antonio,Moore,amooreb2@ameblo.jp,Armenia,190.109.54.219
400,Jeffrey,Carroll,jcarrollb3@about.me,United States,140.222.207.63
401,Charles,Ross,crossb4@delicious.com,Vietnam,170.178.84.45
402,Antonio,Gomez,agomezb5@yahoo.co.jp,China,224.14.176.147
403,Craig,Mcdonald,cmcdonaldb6@prlog.org,Russia,218.102.250.234
404,Karen,Collins,kcollinsb7@amazon.co.jp,Kazakhstan,200.102.127.41
405,Maria,George,mgeorgeb8@quantcast.com,Philippines,94.230.24.71
406,Kevin,Foster,kfosterb9@friendfeed.com,China,7.160.63.39
407,Rebecca,Davis,rdavisba@dagondesign.com,Canada,21.119.217.1
408,Ralph,Collins,rcollinsbb@a8.net,Belarus,45.117.212.184
409,Richard,Day,rdaybc@japanpost.jp,France,106.6.168.199
410,Anne,Boyd,aboydbd@bbb.org,Spain,237.167.2.175
411,Theresa,Myers,tmyersbe@shareasale.com,Yemen,22.197.249.31
412,Sarah,Fox,sfoxbf@blogspot.com,Czech Republic,100.104.217.230
413,Nancy,Howard,nhowardbg@webmd.com,Indonesia,162.13.99.242
414,Marilyn,Vasquez,mvasquezbh@e-recht24.de,Palestinian Territory,170.208.239.4
415,Brenda,Harris,bharrisbi@nymag.com,Zambia,14.242.123.124
416,Patrick,Little,plittlebj@discovery.com,France,33.87.24.246
417,Brenda,Rogers,brogersbk@blogspot.com,Botswana,198.144.47.245
418,Phillip,Martin,pmartinbl@4shared.com,France,62.45.49.229
419,Linda,Henry,lhenrybm@smh.com.au,China,7.186.30.70
420,Susan,Robertson,srobertsonbn@rambler.ru,Haiti,148.247.215.99
421,Michael,Jackson,mjacksonbo@hp.com,Philippines,251.242.222.5
422,Joseph,Stevens,jstevensbp@deviantart.com,China,255.94.221.201
423,Earl,Snyder,esnyderbq@home.pl,Indonesia,63.81.135.244
424,Cheryl,Payne,cpaynebr@shop-pro.jp,Russia,158.23.222.137
425,Justin,Hamilton,jhamiltonbs@is.gd,Ukraine,21.211.117.195
426,John,Simpson,jsimpsonbt@infoseek.co.jp,Brazil,209.173.128.182
427,Mary,Boyd,mboydbu@wordpress.org,China,176.0.6.10
428,Emily,Bennett,ebennettbv@loc.gov,China,133.32.152.132
429,Denise,Turner,dturnerbw@photobucket.com,China,186.15.252.47
430,Donald,Sullivan,dsullivanbx@unesco.org,Indonesia,71.100.111.101
431,Phillip,Payne,ppayneby@sciencedirect.com,Poland,229.56.28.29
432,Henry,Lynch,hlynchbz@yale.edu,Japan,141.23.230.0
433,Jessica,Burton,jburtonc0@answers.com,Peru,61.187.99.23
434,Bobby,Johnson,bjohnsonc1@epa.gov,Czech Republic,226.104.81.219
435,Dennis,Coleman,dcolemanc2@yellowpages.com,Portugal,172.223.116.227
436,Harry,Lee,hleec3@yellowpages.com,Poland,241.252.128.15
437,Cynthia,Campbell,ccampbellc4@spotify.com,China,51.135.34.16
438,Wanda,Smith,wsmithc5@over-blog.com,Portugal,136.209.61.195
439,Joshua,White,jwhitec6@arizona.edu,China,186.182.170.206
440,Harry,Scott,hscottc7@yolasite.com,Thailand,14.21.15.27
441,Arthur,Ramos,aramosc8@drupal.org,Brazil,156.81.54.230
442,Nicole,Moreno,nmorenoc9@google.co.uk,Indonesia,13.176.194.167
443,Frank,Oliver,foliverca@ibm.com,China,181.146.202.212
444,Carl,Ferguson,cfergusoncb@sourceforge.net,Indonesia,58.230.65.199
445,Susan,Wilson,swilsoncc@vimeo.com,Brazil,10.250.58.254
446,Joseph,Hill,jhillcd@constantcontact.com,Democratic Republic of the Congo,254.129.42.156
447,Judy,Howell,jhowellce@whitehouse.gov,Brazil,251.220.113.49
448,Fred,Ferguson,ffergusoncf@sogou.com,France,183.230.167.1
449,Elizabeth,Welch,ewelchcg@i2i.jp,France,39.227.230.139
450,Joe,Howell,jhowellch@wikipedia.org,Cayman Islands,49.75.206.30
451,Lori,Rose,lroseci@weibo.com,Russia,48.234.204.57
452,Lawrence,White,lwhitecj@google.fr,Russia,198.6.142.63
453,Scott,Perry,sperryck@webs.com,Indonesia,252.16.27.66
454,Kimberly,Gordon,kgordoncl@sciencedaily.com,Egypt,18.132.146.148
455,Todd,Johnson,tjohnsoncm@discuz.net,Croatia,233.46.104.52
456,Margaret,Morrison,mmorrisoncn@microsoft.com,Cuba,62.222.172.234
457,Thomas,Myers,tmyersco@fotki.com,China,102.165.73.15
458,Annie,Fuller,afullercp@weebly.com,Bangladesh,25.180.15.162
459,Arthur,Russell,arussellcq@devhub.com,China,26.33.23.216
460,Angela,Chapman,achapmancr@google.ru,Indonesia,111.209.10.136
461,Deborah,Perry,dperrycs@booking.com,Honduras,75.27.98.145
462,Wanda,Cook,wcookct@si.edu,Hungary,190.181.179.84
463,Charles,Pierce,cpiercecu@umich.edu,Brazil,178.100.166.128
464,Jean,Nelson,jnelsoncv@epa.gov,Comoros,209.38.59.143
465,Kathleen,Turner,kturnercw@privacy.gov.au,Japan,173.43.215.129
466,Jean,Jenkins,jjenkinscx@amazon.com,Indonesia,123.50.226.181
467,Antonio,Sullivan,asullivancy@paypal.com,South Korea,198.30.205.233
468,Robin,Gonzalez,rgonzalezcz@state.tx.us,Palestinian Territory,254.159.197.149
469,William,Stone,wstoned0@taobao.com,Albania,124.230.249.141
470,Cheryl,Perry,cperryd1@hexun.com,Ukraine,122.91.129.151
471,Margaret,Carpenter,mcarpenterd2@constantcontact.com,Sweden,248.82.72.29
472,Raymond,Webb,rwebbd3@latimes.com,Sweden,25.205.76.92
473,Bonnie,Green,bgreend4@washingtonpost.com,Brazil,222.253.151.208
474,Harry,Gordon,hgordond5@nsw.gov.au,China,145.197.243.30
475,Cheryl,Diaz,cdiazd6@networksolutions.com,Argentina,253.145.129.53
476,Keith,Jacobs,kjacobsd7@issuu.com,South Africa,16.38.239.204
477,Raymond,Scott,rscottd8@narod.ru,France,46.67.163.85
478,George,Butler,gbutlerd9@trellian.com,Indonesia,227.29.130.182
479,Betty,Ramos,bramosda@desdev.cn,Brazil,216.47.13.197
480,Pamela,Stewart,pstewartdb@fotki.com,China,33.253.99.215
481,Carolyn,Nelson,cnelsondc@mail.ru,China,174.128.185.104
482,Laura,Chavez,lchavezdd@weebly.com,Ethiopia,91.9.62.36
483,Kimberly,Howell,khowellde@hhs.gov,China,14.225.238.30
484,Fred,Sanchez,fsanchezdf@apache.org,Philippines,236.82.87.74
485,Jacqueline,Perkins,jperkinsdg@sphinn.com,China,61.178.181.82
486,Rose,Lopez,rlopezdh@wisc.edu,Indonesia,168.95.56.130
487,Steven,Reid,sreiddi@vkontakte.ru,China,216.26.103.206
488,Paula,Cooper,pcooperdj@youku.com,Ghana,93.25.4.87
489,Joe,Elliott,jelliottdk@pen.io,China,33.209.97.157
490,Stephen,Dixon,sdixondl@jimdo.com,China,154.122.134.194
491,Craig,Bradley,cbradleydm@google.com,Argentina,128.37.150.188
492,Linda,Graham,lgrahamdn@hud.gov,Ukraine,160.207.65.171
493,Arthur,Lewis,alewisdo@reddit.com,Indonesia,146.27.59.200
494,Susan,Hicks,shicksdp@networkadvertising.org,Indonesia,242.162.115.205
495,Albert,Allen,aallendq@about.com,South Africa,13.111.188.215
496,Denise,Romero,dromerodr@t-online.de,Czech Republic,62.158.62.121
497,Patricia,Gilbert,pgilbertds@youtu.be,Guam,81.115.215.60
498,Carl,Ortiz,cortizdt@csmonitor.com,Croatia,191.163.164.224
499,Judith,Lee,jleedu@taobao.com,Nicaragua,30.31.230.12
500,Martin,Holmes,mholmesdv@google.de,Denmark,89.171.122.177
501,Doris,Ramos,dramosdw@mapy.cz,Argentina,93.78.63.254
502,Joyce,Andrews,jandrewsdx@dagondesign.com,Namibia,166.190.30.245
503,Justin,Brooks,jbrooksdy@abc.net.au,China,111.45.138.202
504,Nancy,Scott,nscottdz@mlb.com,China,81.119.164.250
505,Deborah,Nichols,dnicholse0@adobe.com,Norway,184.241.14.5
506,David,Garcia,dgarciae1@adobe.com,Kosovo,241.135.75.88
507,Phillip,Hamilton,phamiltone2@thetimes.co.uk,Guatemala,131.158.2.42
508,Lillian,Henderson,lhendersone3@rediff.com,Brazil,50.107.119.208
509,Larry,Little,llittlee4@deviantart.com,Indonesia,48.59.158.105
510,Dorothy,Weaver,dweavere5@prnewswire.com,Botswana,146.225.246.221
511,Sarah,Spencer,sspencere6@desdev.cn,Russia,114.205.26.193
512,Gary,Diaz,gdiaze7@apple.com,China,226.25.118.45
513,Gloria,Little,glittlee8@github.com,Armenia,2.226.253.205
514,Thomas,Arnold,tarnolde9@elegantthemes.com,Brazil,250.179.29.61
515,Nicholas,Harper,nharperea@drupal.org,China,130.191.139.159
516,Jeremy,Rose,jroseeb@mapquest.com,Indonesia,95.76.192.141
517,Philip,Howard,phowardec@google.co.jp,Serbia,107.214.11.24
518,Charles,Gray,cgrayed@java.com,Indonesia,15.224.97.44
519,Anne,Hart,ahartee@dedecms.com,Brazil,64.20.231.232
520,Ronald,Hughes,rhughesef@si.edu,Indonesia,26.247.234.15
521,Anna,Sanders,asanderseg@businessweek.com,China,74.136.167.92
522,Eugene,Simpson,esimpsoneh@yahoo.com,Argentina,123.91.12.222
523,Phillip,Burke,pburkeei@woothemes.com,Indonesia,243.121.245.93
524,Russell,Boyd,rboydej@gmpg.org,Thailand,67.137.122.150
525,Robin,Lopez,rlopezek@seesaa.net,Sierra Leone,168.37.150.91
526,Dennis,Greene,dgreeneel@mozilla.com,France,249.74.7.206
527,Kathleen,Hudson,khudsonem@uiuc.edu,Ukraine,194.237.107.33
528,Julie,Morales,jmoralesen@scribd.com,Greece,238.175.197.150
529,Gregory,Gordon,ggordoneo@usnews.com,China,154.246.87.61
530,Frank,Allen,fallenep@reference.com,Czech Republic,201.218.105.237
531,Frank,Marshall,fmarshalleq@networksolutions.com,Poland,228.127.55.212
532,Mildred,Adams,madamser@phoca.cz,China,207.187.75.69
533,Rose,Parker,rparkeres@csmonitor.com,Netherlands,140.41.237.213
534,Antonio,Olson,aolsonet@ucoz.ru,Poland,126.62.236.117
535,Debra,Fisher,dfishereu@simplemachines.org,Brazil,95.123.216.91
536,Andrea,Hawkins,ahawkinsev@fotki.com,Vietnam,92.49.140.153
537,Joan,Russell,jrussellew@list-manage.com,Portugal,181.133.36.109
538,Janet,Knight,jknightex@purevolume.com,Iceland,151.252.29.215
539,Albert,Ellis,aellisey@cargocollective.com,Peru,198.16.48.45
540,Harold,George,hgeorgeez@cpanel.net,Portugal,210.117.86.205
541,Nancy,Watson,nwatsonf0@mediafire.com,Philippines,53.239.180.127
542,Sean,Tucker,stuckerf1@wunderground.com,China,191.57.102.118
543,Joshua,Schmidt,jschmidtf2@mit.edu,China,135.67.213.72
544,William,Grant,wgrantf3@phoca.cz,Indonesia,168.198.51.241
545,Ruth,Young,ryoungf4@nymag.com,Georgia,94.37.88.255
546,Ronald,Simmons,rsimmonsf5@fda.gov,China,216.129.110.48
547,Angela,Hudson,ahudsonf6@booking.com,Uganda,69.59.11.210
548,Carolyn,Robertson,crobertsonf7@etsy.com,Indonesia,155.22.201.70
549,Amy,Gutierrez,agutierrezf8@privacy.gov.au,China,253.62.197.40
550,Robin,Wright,rwrightf9@home.pl,Portugal,176.192.232.77
551,Andrew,Hawkins,ahawkinsfa@icio.us,Chile,82.198.199.149
552,Justin,George,jgeorgefb@independent.co.uk,Greece,240.85.185.12
553,Philip,James,pjamesfc@dion.ne.jp,Sweden,214.240.49.123
554,Jimmy,Hanson,jhansonfd@europa.eu,Canada,134.177.100.81
555,Linda,Hill,lhillfe@indiatimes.com,China,98.163.119.211
556,Lillian,Long,llongff@dedecms.com,Germany,13.199.252.29
557,William,Daniels,wdanielsfg@guardian.co.uk,France,68.148.29.49
558,Barbara,Collins,bcollinsfh@seattletimes.com,China,145.126.74.71
559,Samuel,Kelley,skelleyfi@barnesandnoble.com,Indonesia,46.195.237.183
560,Roger,Grant,rgrantfj@meetup.com,Pakistan,25.41.9.154
561,Billy,Long,blongfk@who.int,China,31.13.1.195
562,Kathleen,Williamson,kwilliamsonfl@arstechnica.com,Indonesia,224.170.169.202
563,Karen,Cook,kcookfm@vk.com,Portugal,231.215.232.35
564,Judith,Jones,jjonesfn@issuu.com,China,92.48.91.136
565,Russell,Thompson,rthompsonfo@qq.com,France,24.251.1.176
566,Stephen,Richards,srichardsfp@sina.com.cn,Senegal,18.217.201.8
567,Katherine,Rose,krosefq@google.co.jp,Palestinian Territory,52.188.241.106
568,Debra,Ramirez,dramirezfr@freewebs.com,Canada,228.247.41.2
569,Rebecca,Walker,rwalkerfs@is.gd,Czech Republic,154.1.219.9
570,Martin,Fernandez,mfernandezft@ihg.com,Russia,135.51.35.73
571,Ernest,Clark,eclarkfu@mozilla.com,Paraguay,142.167.208.33
572,Shirley,Stephens,sstephensfv@yellowbook.com,Peru,133.24.117.119
573,Louise,Peters,lpetersfw@slideshare.net,Argentina,134.244.101.146
574,Gerald,Peterson,gpetersonfx@biblegateway.com,Indonesia,232.120.215.93
575,Kimberly,Young,kyoungfy@npr.org,Macedonia,63.143.211.212
576,Louise,Cunningham,lcunninghamfz@deliciousdays.com,China,233.41.44.61
577,Heather,Schmidt,hschmidtg0@intel.com,El Salvador,22.139.178.122
578,Patricia,Williams,pwilliamsg1@bing.com,Philippines,16.50.74.75
579,Terry,Robertson,trobertsong2@qq.com,Sweden,36.253.143.61
580,Judy,Nelson,jnelsong3@npr.org,China,24.2.241.111
581,Robert,Little,rlittleg4@utexas.edu,Brazil,197.21.136.158
582,Marilyn,George,mgeorgeg5@yandex.ru,Ecuador,18.29.246.248
583,Richard,Stephens,rstephensg6@mlb.com,Iran,142.225.251.119
584,Ashley,Jones,ajonesg7@ning.com,United Kingdom,158.249.186.92
585,Frances,Watson,fwatsong8@thetimes.co.uk,China,62.160.96.0
586,Joyce,Lane,jlaneg9@npr.org,Hungary,212.165.196.12
587,Dennis,Gordon,dgordonga@oracle.com,Portugal,76.71.75.255
588,Anthony,Elliott,aelliottgb@usda.gov,China,242.50.43.57
589,Ronald,Burns,rburnsgc@lulu.com,Japan,207.128.196.112
590,Lois,Kennedy,lkennedygd@cpanel.net,Russia,103.166.17.244
591,Maria,Turner,mturnerge@wiley.com,Jordan,72.191.1.206
592,Michelle,Lane,mlanegf@netvibes.com,Brazil,95.223.234.17
593,Jane,Anderson,jandersongg@linkedin.com,Serbia,116.143.182.224
594,Sarah,Carroll,scarrollgh@nih.gov,Slovenia,19.215.114.67
595,Martha,Ross,mrossgi@answers.com,Samoa,201.237.135.148
596,Ashley,Jordan,ajordangj@taobao.com,South Africa,50.165.206.51
597,Richard,George,rgeorgegk@elegantthemes.com,Vietnam,212.120.26.112
598,Billy,Wright,bwrightgl@hexun.com,Burkina Faso,124.176.166.169
599,Jennifer,Sullivan,jsullivangm@eventbrite.com,Poland,86.175.87.135
600,Rose,Reid,rreidgn@photobucket.com,China,189.2.184.84
601,Karen,Alvarez,kalvarezgo@uiuc.edu,China,88.147.142.99
602,Tina,Wells,twellsgp@economist.com,Argentina,182.108.151.194
603,Kathy,Simpson,ksimpsongq@washingtonpost.com,Indonesia,44.197.63.158
604,Lois,Myers,lmyersgr@accuweather.com,Indonesia,20.136.91.161
605,Frances,Schmidt,fschmidtgs@etsy.com,Poland,221.67.130.75
606,Fred,Hart,fhartgt@usda.gov,Norway,164.175.21.235
607,Janice,Rivera,jriveragu@cnet.com,Philippines,226.212.149.246
608,Betty,Hudson,bhudsongv@issuu.com,Indonesia,146.218.40.204
609,Paul,Watkins,pwatkinsgw@narod.ru,Indonesia,127.169.4.125
610,Gloria,Patterson,gpattersongx@cpanel.net,China,174.225.107.200
611,Karen,Mills,kmillsgy@huffingtonpost.com,China,123.170.181.24
612,Sarah,Rivera,sriveragz@engadget.com,Latvia,161.160.13.159
613,George,Martin,gmartinh0@microsoft.com,Poland,127.136.222.38
614,Ann,Perry,aperryh1@blogtalkradio.com,Ivory Coast,149.213.197.55
615,Maria,Roberts,mrobertsh2@berkeley.edu,Madagascar,221.1.196.92
616,Roy,Howard,rhowardh3@boston.com,Estonia,154.131.35.131
617,Robert,Lopez,rlopezh4@comsenz.com,Japan,117.59.166.111
618,Roy,Sims,rsimsh5@soundcloud.com,China,93.203.177.77
619,Frances,Banks,fbanksh6@umn.edu,China,150.254.24.63
620,Mark,Phillips,mphillipsh7@bloomberg.com,Russia,115.213.149.151
621,Ruth,Gutierrez,rgutierrezh8@alexa.com,Afghanistan,106.67.20.22
622,Steve,Long,slongh9@xing.com,Finland,167.136.211.197
623,Jacqueline,Garza,jgarzaha@yale.edu,Germany,178.166.238.161
624,Anne,Dunn,adunnhb@com.com,Japan,119.82.211.236
625,Mildred,Taylor,mtaylorhc@arizona.edu,China,54.172.32.39
626,Dennis,West,dwesthd@instagram.com,Poland,116.203.141.230
627,Kelly,Montgomery,kmontgomeryhe@accuweather.com,Philippines,105.124.79.123
628,Jean,Montgomery,jmontgomeryhf@sphinn.com,Poland,104.217.249.13
629,Anthony,Porter,aporterhg@redcross.org,China,155.18.193.162
630,Samuel,Thompson,sthompsonhh@vistaprint.com,United States,253.119.27.99
631,Jessica,Collins,jcollinshi@tuttocitta.it,Ivory Coast,225.98.145.179
632,Harold,Lopez,hlopezhj@pcworld.com,Thailand,55.255.194.216
633,Ralph,Wallace,rwallacehk@mysql.com,Tajikistan,29.31.240.244
634,Rose,Vasquez,rvasquezhl@dyndns.org,Uzbekistan,234.171.234.34
635,Frances,Reid,freidhm@themeforest.net,China,72.116.207.21
636,Beverly,Perry,bperryhn@lulu.com,China,99.12.231.64
637,Rose,Elliott,relliottho@wikimedia.org,China,39.111.52.98
638,Theresa,Thompson,tthompsonhp@mozilla.com,Indonesia,205.123.196.233
639,Elizabeth,Price,epricehq@comcast.net,Nepal,190.38.103.210
640,Dennis,Wilson,dwilsonhr@cloudflare.com,Ukraine,223.137.168.75
641,Jessica,Mills,jmillshs@drupal.org,Indonesia,124.104.12.173
642,Mildred,Willis,mwillisht@storify.com,Iran,78.77.100.251
643,Sean,Wheeler,swheelerhu@unc.edu,Philippines,20.209.82.71
644,Donna,Kennedy,dkennedyhv@china.com.cn,Indonesia,34.131.66.124
645,Matthew,Smith,msmithhw@simplemachines.org,China,233.130.194.54
646,Norma,Gonzales,ngonzaleshx@imgur.com,Brazil,208.85.78.232
647,Debra,Wood,dwoodhy@google.com,Japan,138.83.174.154
648,Patrick,Harvey,pharveyhz@imgur.com,Poland,129.251.203.161
649,Phillip,Harper,pharperi0@who.int,Serbia,252.73.131.151
650,Jimmy,Smith,jsmithi1@a8.net,Argentina,254.62.46.156
651,Roy,Coleman,rcolemani2@youtu.be,Ecuador,100.60.106.130
652,Denise,Myers,dmyersi3@mediafire.com,China,134.17.228.81
653,Ralph,Jones,rjonesi4@cornell.edu,Thailand,47.233.73.118
654,David,Carter,dcarteri5@umn.edu,Poland,173.79.119.85
655,Anna,Torres,atorresi6@pagesperso-orange.fr,Portugal,188.126.143.22
656,Earl,Ford,efordi7@nytimes.com,Belarus,193.229.89.202
657,Amanda,Bradley,abradleyi8@ycombinator.com,China,17.91.197.159
658,Matthew,Hart,mharti9@fotki.com,China,225.84.206.168
659,Alan,Ross,arossia@bravesites.com,China,255.94.218.125
660,Ralph,Dean,rdeanib@cocolog-nifty.com,Sweden,121.185.132.212
661,Juan,Johnston,jjohnstonic@unblog.fr,China,11.88.166.100
662,Matthew,Green,mgreenid@ihg.com,China,17.245.116.217
663,Heather,Palmer,hpalmerie@cam.ac.uk,Yemen,231.104.181.91
664,Walter,Cole,wcoleif@friendfeed.com,Palestinian Territory,161.101.147.242
665,Ernest,Peters,epetersig@privacy.gov.au,China,92.140.248.149
666,Alice,Carr,acarrih@chron.com,Portugal,206.116.172.99
667,Ralph,Hall,rhallii@exblog.jp,Albania,135.189.77.18
668,Louise,Gonzalez,lgonzalezij@imdb.com,Indonesia,165.152.217.190
669,Terry,Richardson,trichardsonik@feedburner.com,Poland,22.37.232.215
670,Martha,Hicks,mhicksil@phoca.cz,Sweden,151.77.70.237
671,Katherine,Howell,khowellim@un.org,Azerbaijan,206.193.109.249
672,Willie,Armstrong,warmstrongin@ustream.tv,China,171.231.152.161
673,George,Bennett,gbennettio@networkadvertising.org,Poland,225.164.46.251
674,Pamela,Rice,priceip@nationalgeographic.com,Poland,199.213.218.44
675,Marie,Thomas,mthomasiq@163.com,Nigeria,57.218.94.214
676,Phillip,Turner,pturnerir@t-online.de,Brazil,170.54.92.228
677,Angela,White,awhiteis@buzzfeed.com,Canada,245.250.186.0
678,Kathryn,Wells,kwellsit@mapy.cz,Indonesia,93.5.244.47
679,Rebecca,Reynolds,rreynoldsiu@squarespace.com,Ethiopia,33.146.170.175
680,Catherine,Diaz,cdiaziv@google.de,China,78.124.87.145
681,Martin,Fuller,mfulleriw@goo.gl,Indonesia,13.155.26.139
682,Chris,Carr,ccarrix@nymag.com,Philippines,12.204.29.162
683,Jose,Coleman,jcolemaniy@cdbaby.com,China,74.25.154.117
684,Robin,Patterson,rpattersoniz@newyorker.com,Poland,251.112.252.45
685,Ann,Cunningham,acunninghamj0@feedburner.com,Philippines,89.228.140.213
686,Lois,Gutierrez,lgutierrezj1@wsj.com,Poland,18.117.15.90
687,Jean,Watkins,jwatkinsj2@elegantthemes.com,Montserrat,206.155.65.11
688,Juan,Hall,jhallj3@blog.com,Brazil,59.69.152.163
689,Jack,Hunter,jhunterj4@google.com.au,Mauritius,227.57.141.242
690,Harold,Nguyen,hnguyenj5@gmpg.org,Israel,37.167.93.95
691,Howard,Sullivan,hsullivanj6@upenn.edu,Indonesia,179.149.153.165
692,Shawn,Clark,sclarkj7@comsenz.com,Lebanon,50.187.80.242
693,Daniel,Arnold,darnoldj8@tamu.edu,Russia,180.187.117.31
694,Thomas,Richardson,trichardsonj9@ihg.com,Pakistan,216.222.93.46
695,Richard,Gilbert,rgilbertja@plala.or.jp,Philippines,172.167.139.93
696,Ruth,Hernandez,rhernandezjb@fotki.com,Portugal,141.107.240.244
697,Clarence,Frazier,cfrazierjc@boston.com,Japan,253.141.27.236
698,Wanda,Palmer,wpalmerjd@ucla.edu,China,96.48.103.171
699,Alice,Spencer,aspencerje@geocities.jp,Argentina,62.194.127.6
700,Craig,Rice,cricejf@mozilla.org,Cuba,62.219.144.20
701,Patrick,Rice,pricejg@ucoz.ru,Argentina,3.179.76.233
702,Tammy,Austin,taustinjh@nps.gov,Canada,206.246.192.138
703,Stephanie,Miller,smillerji@dyndns.org,Russia,70.38.243.2
704,Michael,Morris,mmorrisjj@ihg.com,Guatemala,119.57.50.196
705,Julie,Nelson,jnelsonjk@merriam-webster.com,China,30.174.178.223
706,Norma,Grant,ngrantjl@ihg.com,Russia,27.138.124.60
707,Marilyn,Perez,mperezjm@bloglines.com,Thailand,223.44.226.14
708,Gary,Duncan,gduncanjn@lulu.com,Pakistan,213.156.15.209
709,Katherine,Davis,kdavisjo@shop-pro.jp,Indonesia,213.203.141.34
710,Jack,Jenkins,jjenkinsjp@auda.org.au,Poland,241.194.214.115
711,Jennifer,Burton,jburtonjq@ibm.com,China,21.148.149.110
712,Susan,Franklin,sfranklinjr@over-blog.com,China,85.205.229.38
713,Helen,Hanson,hhansonjs@wired.com,Portugal,76.38.2.167
714,Martin,Fuller,mfullerjt@latimes.com,Indonesia,33.43.64.163
715,Juan,Morgan,jmorganju@goo.ne.jp,Guatemala,72.19.37.213
716,Kimberly,Welch,kwelchjv@ow.ly,United States,251.183.57.223
717,Douglas,Ramirez,dramirezjw@stumbleupon.com,Brazil,241.149.173.161
718,Phyllis,Jacobs,pjacobsjx@istockphoto.com,Philippines,7.79.247.90
719,Helen,Brown,hbrownjy@goo.ne.jp,Philippines,66.12.154.127
720,Diane,Peters,dpetersjz@privacy.gov.au,China,84.13.236.227
721,Charles,Pierce,cpiercek0@behance.net,China,184.10.120.154
722,Judith,Jackson,jjacksonk1@soup.io,Mexico,49.149.54.224
723,Carl,Thomas,cthomask2@icq.com,Ireland,246.202.17.227
724,Louise,Alexander,lalexanderk3@tuttocitta.it,Monaco,126.125.109.113
725,Harry,Dean,hdeank4@yolasite.com,Kuwait,203.189.169.148
726,Virginia,Harvey,vharveyk5@a8.net,Russia,70.138.159.0
727,Kenneth,Martin,kmartink6@myspace.com,Portugal,234.89.36.225
728,Diana,Hernandez,dhernandezk7@yolasite.com,Palestinian Territory,55.24.215.74
729,Dennis,Wood,dwoodk8@1und1.de,Russia,242.27.7.118
730,Eric,Parker,eparkerk9@sfgate.com,Indonesia,13.242.172.175
731,Kelly,Lane,klaneka@booking.com,China,223.69.202.53
732,Mark,Long,mlongkb@acquirethisname.com,Taiwan,234.182.199.81
733,Cheryl,Jenkins,cjenkinskc@nhs.uk,Pakistan,46.76.23.149
734,Todd,Simmons,tsimmonskd@flickr.com,China,147.74.148.126
735,Donna,Lewis,dlewiske@so-net.ne.jp,China,223.72.139.142
736,Ruby,Harrison,rharrisonkf@vistaprint.com,Mongolia,80.15.187.104
737,Christopher,Gordon,cgordonkg@privacy.gov.au,Sweden,158.245.107.254
738,Lisa,Romero,lromerokh@google.com.hk,Indonesia,81.207.243.117
739,Brian,Hansen,bhansenki@japanpost.jp,Russia,131.191.136.6
740,Sara,Lewis,slewiskj@blog.com,Philippines,255.223.62.25
741,Brenda,Cooper,bcooperkk@merriam-webster.com,Tanzania,195.196.177.154
742,Ralph,Dunn,rdunnkl@unc.edu,Russia,123.212.113.210
743,Nicholas,Romero,nromerokm@mozilla.com,Chile,110.106.224.134
744,Jesse,Ruiz,jruizkn@hugedomains.com,Lithuania,227.99.102.128
745,Jonathan,Knight,jknightko@jugem.jp,China,103.127.85.28
746,Betty,White,bwhitekp@earthlink.net,Indonesia,91.160.145.93
747,Cheryl,Ramirez,cramirezkq@google.co.uk,Philippines,210.115.61.49
748,Joan,Cook,jcookkr@amazon.com,Sri Lanka,253.151.53.87
749,Carol,Knight,cknightks@exblog.jp,Indonesia,100.117.155.255
750,Mary,Stevens,mstevenskt@blinklist.com,Croatia,218.169.222.121
751,Ruby,Cooper,rcooperku@illinois.edu,Argentina,111.146.220.246
752,Peter,Anderson,pandersonkv@paypal.com,Greece,1.160.219.236
753,Adam,Graham,agrahamkw@opera.com,China,34.112.51.138
754,Anthony,Wagner,awagnerkx@craigslist.org,Ethiopia,170.188.138.134
755,Howard,Harper,hharperky@cnbc.com,Sweden,109.225.130.31
756,Beverly,Andrews,bandrewskz@feedburner.com,Poland,68.101.137.90
757,Kimberly,Price,kpricel0@hp.com,Mongolia,144.117.150.60
758,Lisa,Gardner,lgardnerl1@usatoday.com,Norway,248.6.70.100
759,Angela,Fields,afieldsl2@soundcloud.com,Iraq,242.179.206.110
760,Carolyn,Gordon,cgordonl3@flickr.com,Indonesia,117.64.167.147
761,Harold,Taylor,htaylorl4@ocn.ne.jp,Canada,138.153.72.202
762,Jean,Dean,jdeanl5@friendfeed.com,Mexico,203.250.141.83
763,Martin,Crawford,mcrawfordl6@altervista.org,China,42.123.180.208
764,Roy,Murray,rmurrayl7@ucoz.com,Indonesia,187.104.10.49
765,Jeffrey,Holmes,jholmesl8@surveymonkey.com,Russia,166.40.153.73
766,Bruce,Fields,bfieldsl9@joomla.org,Poland,95.65.168.128
767,Frances,Parker,fparkerla@alibaba.com,Macedonia,118.230.246.61
768,Jane,Martin,jmartinlb@hostgator.com,Colombia,217.159.3.184
769,Melissa,Carr,mcarrlc@aboutads.info,Sweden,105.162.31.147
770,Jimmy,Andrews,jandrewsld@washington.edu,Canada,139.90.215.197
771,Charles,Dean,cdeanle@mayoclinic.com,Panama,80.173.151.107
772,Paul,Freeman,pfreemanlf@admin.ch,France,148.5.33.243
773,Wanda,Grant,wgrantlg@upenn.edu,Sierra Leone,31.83.102.124
774,Tammy,Kennedy,tkennedylh@wordpress.com,Portugal,168.230.191.193
775,Antonio,Perez,aperezli@lulu.com,Tunisia,148.232.64.233
776,Dorothy,Lane,dlanelj@e-recht24.de,China,137.185.218.71
777,Keith,Cole,kcolelk@intel.com,Philippines,187.207.240.25
778,Todd,Jones,tjonesll@lycos.com,United States,41.173.216.0
779,Cynthia,Daniels,cdanielslm@indiatimes.com,Portugal,81.173.110.88
780,Joyce,Gardner,jgardnerln@edublogs.org,Yemen,95.96.97.66
781,Beverly,Torres,btorreslo@weibo.com,Czech Republic,94.19.167.4
782,Louise,Hansen,lhansenlp@spotify.com,France,24.248.129.139
783,Jeremy,Wright,jwrightlq@tuttocitta.it,Afghanistan,137.50.145.40
784,Linda,Williamson,lwilliamsonlr@jimdo.com,Philippines,205.157.202.89
785,Sara,Gutierrez,sgutierrezls@nsw.gov.au,Poland,46.27.189.58
786,Carlos,Edwards,cedwardslt@alibaba.com,Nigeria,197.185.181.189
787,Todd,Ford,tfordlu@goo.gl,Portugal,41.7.26.131
788,Adam,Wheeler,awheelerlv@xing.com,Portugal,103.161.133.138
789,Ruth,Flores,rfloreslw@pcworld.com,Colombia,20.80.0.66
790,William,Hughes,whugheslx@yahoo.co.jp,France,249.242.254.194
791,Russell,Peterson,rpetersonly@weibo.com,Indonesia,249.239.222.149
792,Paula,Nguyen,pnguyenlz@cornell.edu,Argentina,15.110.23.225
793,Beverly,Mills,bmillsm0@scribd.com,Japan,54.28.129.189
794,Robin,Griffin,rgriffinm1@feedburner.com,United States,239.95.218.95
795,Mildred,Snyder,msnyderm2@mail.ru,China,36.140.59.10
796,Clarence,Mcdonald,cmcdonaldm3@un.org,China,171.223.29.106
797,Henry,Rogers,hrogersm4@4shared.com,Guatemala,116.215.191.117
798,Daniel,Frazier,dfrazierm5@yale.edu,Kazakhstan,28.197.136.54
799,Carol,Collins,ccollinsm6@techcrunch.com,Mauritania,159.125.185.242
800,Gregory,Simmons,gsimmonsm7@hugedomains.com,Indonesia,76.35.147.145
801,Christopher,Jenkins,cjenkinsm8@etsy.com,Brazil,226.217.54.82
802,Rachel,Wilson,rwilsonm9@yale.edu,Philippines,32.36.39.165
803,Randy,Bradley,rbradleyma@businessinsider.com,China,158.231.208.236
804,Stephanie,Fisher,sfishermb@reference.com,Indonesia,74.139.181.146
805,Sharon,Perkins,sperkinsmc@google.de,Sudan,105.52.173.233
806,Clarence,Mccoy,cmccoymd@netvibes.com,Russia,83.249.158.148
807,Antonio,Phillips,aphillipsme@google.co.jp,Brazil,142.67.233.99
808,Walter,Bell,wbellmf@cisco.com,Colombia,198.5.180.128
809,Nicholas,Sims,nsimsmg@canalblog.com,Indonesia,46.52.102.117
810,Janet,Perry,jperrymh@shinystat.com,China,217.37.39.110
811,Gary,Burke,gburkemi@google.es,China,138.82.139.120
812,William,Phillips,wphillipsmj@dmoz.org,China,100.34.149.251
813,Michael,Gray,mgraymk@omniture.com,Portugal,241.162.130.65
814,Terry,Rogers,trogersml@hostgator.com,Angola,86.254.249.70
815,Joe,Oliver,jolivermm@shareasale.com,France,216.225.147.6
816,Phillip,Ramirez,pramirezmn@europa.eu,Philippines,186.169.102.188
817,Gloria,Simpson,gsimpsonmo@constantcontact.com,Palestinian Territory,224.156.165.205
818,Alice,Black,ablackmp@fc2.com,China,116.124.45.245
819,Wayne,Mitchell,wmitchellmq@tiny.cc,Portugal,211.14.243.91
820,Henry,Bennett,hbennettmr@zimbio.com,Luxembourg,224.36.176.124
821,Douglas,Arnold,darnoldms@jimdo.com,Ivory Coast,17.38.255.31
822,Lisa,Woods,lwoodsmt@wiley.com,Poland,192.60.245.154
823,Bonnie,Daniels,bdanielsmu@indiatimes.com,Kazakhstan,231.176.8.71
824,Angela,Rogers,arogersmv@goo.gl,Russia,115.25.104.71
825,Paula,Wilson,pwilsonmw@cdbaby.com,Finland,167.41.238.43
826,Clarence,Harper,charpermx@bluehost.com,Maldives,172.116.184.217
827,Mary,Bowman,mbowmanmy@posterous.com,Portugal,70.245.70.52
828,Judy,Dunn,jdunnmz@netlog.com,Iraq,102.188.211.139
829,Aaron,Ortiz,aortizn0@ycombinator.com,Ukraine,32.133.43.23
830,Andrew,Matthews,amatthewsn1@umn.edu,Peru,47.31.240.248
831,Scott,Boyd,sboydn2@usda.gov,Philippines,42.138.120.74
832,George,Rose,grosen3@phoca.cz,China,91.94.100.24
833,Walter,Hawkins,whawkinsn4@cdc.gov,Comoros,81.103.74.177
834,Anthony,George,ageorgen5@wufoo.com,Vietnam,225.165.208.228
835,Keith,Dunn,kdunnn6@sogou.com,France,104.22.174.146
836,Susan,Meyer,smeyern7@godaddy.com,China,81.110.126.12
837,Matthew,Perkins,mperkinsn8@wisc.edu,China,240.244.136.78
838,Marilyn,Carpenter,mcarpentern9@baidu.com,Russia,54.183.179.221
839,Philip,Martin,pmartinna@mac.com,Sweden,254.88.211.72
840,Denise,Marshall,dmarshallnb@virginia.edu,Afghanistan,75.30.94.191
841,Matthew,Riley,mrileync@wikispaces.com,Indonesia,236.104.168.76
842,Frank,Carter,fcarternd@gravatar.com,Portugal,160.148.102.73
843,Louis,Rice,lricene@tumblr.com,Thailand,224.138.133.239
844,Bruce,Bowman,bbowmannf@home.pl,Sierra Leone,219.127.146.46
845,Gloria,Ortiz,gortizng@google.com,Indonesia,154.250.83.226
846,Karen,Wallace,kwallacenh@tumblr.com,China,141.250.139.203
847,Margaret,Perez,mperezni@elegantthemes.com,Canada,4.186.91.234
848,Ralph,Wagner,rwagnernj@friendfeed.com,Marshall Islands,5.190.103.11
849,Donald,Campbell,dcampbellnk@apple.com,China,199.26.81.42
850,Todd,Garrett,tgarrettnl@360.cn,Egypt,44.205.236.143
851,Ruby,Gardner,rgardnernm@senate.gov,China,248.203.163.187
852,Jacqueline,Gordon,jgordonnn@usnews.com,Peru,249.46.98.225
853,Harold,Green,hgreenno@istockphoto.com,Indonesia,147.132.128.2
854,Jason,White,jwhitenp@google.co.jp,France,74.208.143.245
855,Julia,Washington,jwashingtonnq@nytimes.com,China,87.214.108.204
856,Martha,Mitchell,mmitchellnr@delicious.com,Indonesia,79.150.220.224
857,Mary,Johnson,mjohnsonns@mashable.com,Russia,228.243.94.102
858,Wanda,Richardson,wrichardsonnt@statcounter.com,China,72.139.185.39
859,Fred,Carroll,fcarrollnu@uol.com.br,Tanzania,204.252.253.249
860,Russell,Green,rgreennv@ovh.net,Vietnam,151.111.128.242
861,Sandra,Austin,saustinnw@harvard.edu,Croatia,62.143.35.198
862,Norma,Alvarez,nalvareznx@kickstarter.com,Argentina,64.32.100.1
863,Sara,Flores,sfloresny@cargocollective.com,Namibia,216.198.7.81
864,Donald,Franklin,dfranklinnz@ucsd.edu,Germany,68.83.35.131
865,Raymond,Jones,rjoneso0@go.com,Honduras,92.149.160.133
866,Jonathan,Cunningham,jcunninghamo1@abc.net.au,United States,114.67.82.21
867,Adam,Moreno,amorenoo2@sciencedaily.com,Iran,65.54.238.170
868,Martin,Castillo,mcastilloo3@bandcamp.com,United States,42.45.223.155
869,Ryan,Long,rlongo4@indiatimes.com,Mayotte,64.99.236.68
870,Arthur,Larson,alarsono5@smugmug.com,Brazil,71.246.115.70
871,Emily,Stephens,estephenso6@jigsy.com,Poland,105.52.250.122
872,Michelle,Perry,mperryo7@yelp.com,Dominican Republic,25.4.149.130
873,Robert,Mccoy,rmccoyo8@usnews.com,Canada,13.176.150.164
874,Anthony,Torres,atorreso9@goodreads.com,China,174.0.44.38
875,Sara,Hernandez,shernandezoa@wufoo.com,Mexico,84.73.171.152
876,Juan,Patterson,jpattersonob@google.ru,Poland,26.91.92.210
877,Gerald,Wheeler,gwheeleroc@redcross.org,Indonesia,237.126.208.215
878,Elizabeth,Kennedy,ekennedyod@studiopress.com,North Korea,126.160.202.116
879,Carol,Gutierrez,cgutierrezoe@paypal.com,Philippines,135.10.114.43
880,Shirley,Gordon,sgordonof@lulu.com,Thailand,24.155.197.157
881,Howard,Morris,hmorrisog@about.com,Indonesia,205.159.164.76
882,Philip,Gutierrez,pgutierrezoh@berkeley.edu,China,114.15.163.20
883,Barbara,Harris,bharrisoi@sohu.com,China,207.217.51.45
884,Raymond,Sanchez,rsanchezoj@uiuc.edu,Haiti,44.250.185.176
885,Alan,Carpenter,acarpenterok@walmart.com,Indonesia,174.7.205.70
886,Donald,Austin,daustinol@cdc.gov,Indonesia,130.59.26.30
887,Richard,Tucker,rtuckerom@china.com.cn,China,116.42.214.23
888,Louise,Austin,laustinon@nydailynews.com,China,135.26.8.116
889,Patrick,King,pkingoo@msn.com,Russia,101.236.113.195
890,Jean,Hanson,jhansonop@miitbeian.gov.cn,Peru,13.111.97.99
891,Justin,Reed,jreedoq@seattletimes.com,United States,238.59.155.210
892,Rose,Young,ryoungor@furl.net,Sweden,32.95.52.14
893,Carolyn,Anderson,candersonos@vkontakte.ru,Brazil,88.231.81.226
894,Kelly,Hall,khallot@archive.org,Brazil,139.154.164.89
895,Steven,Bell,sbellou@accuweather.com,Brazil,208.202.38.53
896,Jane,Phillips,jphillipsov@redcross.org,United States,83.12.90.201
897,Gloria,Daniels,gdanielsow@go.com,Iran,94.143.194.126
898,Roger,Hughes,rhughesox@rediff.com,Indonesia,211.144.89.208
899,Philip,Bailey,pbaileyoy@google.com.br,Indonesia,111.21.167.77
900,Roy,Graham,rgrahamoz@nhs.uk,China,165.79.247.108
901,Karen,Moore,kmoorep0@mozilla.org,Indonesia,11.38.15.176
902,Sharon,Myers,smyersp1@bing.com,Argentina,41.238.251.215
903,Carolyn,Turner,cturnerp2@webnode.com,Brazil,230.37.127.161
904,Jeffrey,Baker,jbakerp3@amazon.co.jp,Philippines,171.178.175.66
905,Joe,Romero,jromerop4@sogou.com,Philippines,50.152.56.8
906,Patricia,Allen,pallenp5@nbcnews.com,China,111.121.221.31
907,Paula,Butler,pbutlerp6@oakley.com,South Africa,127.1.95.225
908,Karen,Crawford,kcrawfordp7@jigsy.com,Indonesia,7.84.121.43
909,Joshua,Pierce,jpiercep8@wired.com,Cuba,83.67.13.23
910,Randy,Wright,rwrightp9@cloudflare.com,China,187.138.149.153
911,Laura,Richardson,lrichardsonpa@weibo.com,Indonesia,80.134.98.107
912,Jonathan,Chavez,jchavezpb@elegantthemes.com,China,108.104.248.28
913,Jessica,Cook,jcookpc@cam.ac.uk,Russia,92.186.123.240
914,Roy,Gilbert,rgilbertpd@nationalgeographic.com,Thailand,123.143.63.162
915,Juan,Olson,jolsonpe@usda.gov,China,47.121.55.42
916,Nancy,Lee,nleepf@plala.or.jp,Greece,18.42.185.49
917,Gary,Gomez,ggomezpg@geocities.jp,Portugal,155.101.214.184
918,Brian,Andrews,bandrewsph@purevolume.com,Philippines,233.160.181.46
919,Martin,Burke,mburkepi@google.es,Japan,135.65.86.138
920,Terry,Burke,tburkepj@cbsnews.com,Haiti,70.100.217.90
921,Ruby,Harper,rharperpk@economist.com,Thailand,218.146.61.14
922,Anne,Patterson,apattersonpl@google.com.hk,Philippines,64.177.25.64
923,Juan,Adams,jadamspm@indiatimes.com,China,203.54.42.16
924,Shawn,Cook,scookpn@nyu.edu,China,59.105.234.92
925,Aaron,Miller,amillerpo@edublogs.org,Philippines,252.30.245.40
926,Carl,Jenkins,cjenkinspp@ed.gov,Honduras,143.154.222.223
927,Doris,Castillo,dcastillopq@uiuc.edu,Indonesia,137.228.68.13
928,Judy,Richardson,jrichardsonpr@illinois.edu,Sweden,119.165.31.205
929,Gloria,Bennett,gbennettps@bravesites.com,Russia,82.215.247.219
930,Bruce,Robinson,brobinsonpt@apache.org,France,128.107.136.49
931,Ruby,Morris,rmorrispu@163.com,Costa Rica,25.208.77.71
932,Lisa,Jackson,ljacksonpv@qq.com,Mexico,40.236.219.56
933,Lawrence,Anderson,landersonpw@symantec.com,Czech Republic,45.225.33.157
934,Chris,Greene,cgreenepx@google.com.br,Brazil,158.0.240.254
935,Jeremy,Banks,jbankspy@go.com,Norway,195.2.181.149
936,Martha,Hansen,mhansenpz@epa.gov,Albania,4.53.9.117
937,Anthony,Ferguson,afergusonq0@stumbleupon.com,China,31.149.125.69
938,Roger,Howard,rhowardq1@canalblog.com,China,102.26.125.136
939,Dennis,Kelley,dkelleyq2@hp.com,Brazil,82.220.146.24
940,Harry,Riley,hrileyq3@vistaprint.com,Sweden,152.53.34.222
941,Sarah,Armstrong,sarmstrongq4@networkadvertising.org,France,134.104.234.154
942,Ronald,Johnson,rjohnsonq5@chron.com,Philippines,231.238.144.122
943,Lois,Harper,lharperq6@webnode.com,Ethiopia,25.236.215.35
944,Steven,Bryant,sbryantq7@vk.com,Indonesia,107.39.85.152
945,John,Perkins,jperkinsq8@patch.com,Indonesia,106.33.68.167
946,Denise,Bryant,dbryantq9@artisteer.com,Sweden,27.212.235.194
947,Sandra,Boyd,sboydqa@phpbb.com,China,127.35.220.95
948,Karen,Riley,krileyqb@infoseek.co.jp,United States,245.198.59.152
949,Helen,Andrews,handrewsqc@smugmug.com,France,155.95.181.205
950,Harry,Reid,hreidqd@list-manage.com,Tunisia,50.131.77.191
951,Fred,Burton,fburtonqe@accuweather.com,Indonesia,201.209.207.238
952,Scott,Elliott,selliottqf@istockphoto.com,Slovenia,251.178.234.217
953,Nancy,Johnson,njohnsonqg@state.gov,France,20.173.232.6
954,Judy,Sims,jsimsqh@scientificamerican.com,Austria,61.245.174.1
955,Anne,Mills,amillsqi@bloglovin.com,China,170.113.175.174
956,Phillip,Anderson,pandersonqj@domainmarket.com,China,135.222.13.169
957,Sandra,Hawkins,shawkinsqk@goodreads.com,Finland,159.101.142.150
958,Billy,Lynch,blynchql@artisteer.com,Greece,58.137.225.137
959,Charles,Kim,ckimqm@home.pl,Russia,239.27.16.163
960,Philip,Freeman,pfreemanqn@irs.gov,China,169.62.97.92
961,Irene,Fox,ifoxqo@technorati.com,Moldova,1.66.99.30
962,Douglas,Sims,dsimsqp@mozilla.com,Russia,32.144.203.107
963,Janice,Ford,jfordqq@washington.edu,Portugal,118.13.174.97
964,Diana,Webb,dwebbqr@newyorker.com,Russia,189.79.164.111
965,Carol,Medina,cmedinaqs@skype.com,Philippines,177.200.149.144
966,Joan,Perez,jperezqt@moonfruit.com,Israel,47.12.128.119
967,Teresa,Boyd,tboydqu@joomla.org,China,172.173.53.65
968,Virginia,Dean,vdeanqv@google.com.br,Indonesia,232.132.94.67
969,Patricia,Patterson,ppattersonqw@kickstarter.com,China,16.129.21.238
970,Phillip,Ruiz,pruizqx@dion.ne.jp,Bulgaria,115.123.183.83
971,Linda,Howell,lhowellqy@blog.com,Russia,151.180.80.156
972,Diana,Gonzalez,dgonzalezqz@mapy.cz,China,147.136.63.178
973,Jason,Lane,jlaner0@blogtalkradio.com,Russia,108.173.155.39
974,Margaret,Jordan,mjordanr1@paypal.com,Philippines,96.34.3.82
975,Debra,Robertson,drobertsonr2@github.com,Ukraine,117.33.165.82
976,Frank,Ferguson,ffergusonr3@nasa.gov,China,252.45.194.149
977,Jeremy,Richardson,jrichardsonr4@washington.edu,China,236.198.91.252
978,Betty,Hill,bhillr5@bloomberg.com,Russia,81.33.59.109
979,Timothy,Ward,twardr6@behance.net,France,134.118.80.39
980,Theresa,Knight,tknightr7@domainmarket.com,Russia,203.88.3.162
981,Ruth,Wells,rwellsr8@github.com,Portugal,216.14.216.147
982,Ryan,Alexander,ralexanderr9@chronoengine.com,France,67.11.7.64
983,Janice,Williams,jwilliamsra@bloomberg.com,Russia,146.151.242.240
984,Susan,Kelly,skellyrb@nydailynews.com,United States,208.89.152.73
985,Scott,Morrison,smorrisonrc@cornell.edu,Brazil,252.221.222.107
986,Raymond,Ruiz,rruizrd@thetimes.co.uk,Indonesia,30.103.78.194
987,Clarence,Martinez,cmartinezre@ustream.tv,Bolivia,177.212.56.116
988,Teresa,Wilson,twilsonrf@slideshare.net,Iran,205.102.151.14
989,Elizabeth,Reed,ereedrg@csmonitor.com,Spain,240.14.223.103
990,Tina,Cooper,tcooperrh@macromedia.com,Russia,61.178.87.26
991,Theresa,Payne,tpayneri@usgs.gov,Philippines,15.121.186.62
992,Paula,Webb,pwebbrj@privacy.gov.au,China,248.19.130.180
993,Virginia,Freeman,vfreemanrk@biglobe.ne.jp,Philippines,9.243.52.205
994,Kathleen,Brooks,kbrooksrl@berkeley.edu,Indonesia,254.102.86.208
995,Julia,Hart,jhartrm@wired.com,Colombia,76.227.13.120
996,Craig,Fuller,cfullerrn@twitter.com,Russia,180.42.70.0
997,Ronald,Daniels,rdanielsro@ovh.net,Russia,208.135.220.119
998,Johnny,Reynolds,jreynoldsrp@mediafire.com,Russia,116.11.12.80
999,Ernest,Bailey,ebaileyrq@furl.net,China,205.152.182.64
1000,Denise,Garza,dgarzarr@dion.ne.jp,Brazil,46.156.52.69
